id_venda,data_venda,cliente,produto,categoria,regiao,quantidade,preco_unitario,receita_total,mes,trimestre,ano,mes_nome,faixa_receita_item
1,2025-05-21,cliente016,Mouse,Perifericos,Sudeste,2.0,102.9,205.8,5,Q2,2025,Maio,Baixo Valor
3,2025-03-23,Cliente_045,Tablet,Celulares,Centro-Oeste,1.0,1939.76,1939.76,3,Q1,2025,Março,Medio Valor
4,2025-11-06,Cliente_017,Notebook,Computadores,Norte,6.0,3864.87,23189.22,11,Q4,2025,Novembro,Alto Valor
5,2025-07-05,Cliente_037,Tablet,Celulares,Sul,10.0,2008.14,20081.4,7,Q3,2025,Julho,Alto Valor
6,2025-08-21,Cliente_041,Headset,Perifericos,Sudeste,2.0,337.41,674.82,8,Q3,2025,Agosto,Medio Valor
7,2025-05-06,Cliente_011,Teclado,Perifericos,Nordeste,3.0,252.56,757.6800000000001,5,Q2,2025,Maio,Medio Valor
8,2025-01-17,Cliente_021,Headset,Perifericos,Sul,1.0,321.55,321.55,1,Q1,2025,Janeiro,Baixo Valor
9,2025-11-26,Cliente_030,Mouse,Perifericos,Centro-Oeste,8.0,116.24,929.92,11,Q4,2025,Novembro,Medio Valor
10,2025-03-12,Cliente_033,Teclado,Perifericos,Centro-Oeste,7.0,239.65,1677.55,3,Q1,2025,Março,Medio Valor
12,2025-06-24,Cliente_008,  Headset ,Perifericos,Norte,5.0,378.2,1891.0,6,Q2,2025,Junho,Medio Valor
13,2025-02-24,Cliente_041,Headset,Perifericos,Norte,3.0,350.81,1052.43,2,Q1,2025,Fevereiro,Medio Valor
14,2025-11-03,Cliente_021,Headset,Perifericos,Sul,9.0,393.94,3545.46,11,Q4,2025,Novembro,Medio Valor
15,2025-02-10,Cliente_006,Notebook,Computadores,Centro-Oeste,4.0,3896.91,15587.64,2,Q1,2025,Fevereiro,Alto Valor
16,2025-11-07,Cliente_028,Teclado,Perifericos,Centro-Oeste,3.0,232.38,697.14,11,Q4,2025,Novembro,Medio Valor
17,2025-09-22,Cliente_029,Mouse,Perifericos,Sul,6.0,117.77,706.62,9,Q3,2025,Setembro,Medio Valor
19,2025-10-20,cliente037,Smartphone,Celulares,Nordeste,9.0,1957.33,17615.97,10,Q4,2025,Outubro,Alto Valor
20,2025-01-28,Cliente_044,Monitor,Computadores,Sudeste,7.0,1188.13,8316.91,1,Q1,2025,Janeiro,Alto Valor
21,2025-08-18,Cliente_009,Smartphone,Celulares,Norte,4.0,1995.54,7982.16,8,Q3,2025,Agosto,Alto Valor
22,2025-10-04,Cliente_001,Notebook,Computadores,Sul,1.0,3659.75,3659.75,10,Q4,2025,Outubro,Medio Valor
24,2025-06-01,cliente014,Mouse,Perifericos,Norte,8.0,107.57,860.56,6,Q2,2025,Junho,Medio Valor
25,2025-09-18,Cliente_006,Headset,Perifericos,Norte,9.0,314.03,2826.2699999999995,9,Q3,2025,Setembro,Medio Valor
26,2025-11-14,Cliente_006,Smartphone,Celulares,Nordeste,10.0,2262.38,22623.800000000003,11,Q4,2025,Novembro,Alto Valor
27,2025-12-10,Cliente_042,Smartphone,Celulares,Norte,5.0,2131.22,10656.099999999999,12,Q4,2025,Dezembro,Alto Valor
28,2025-09-17,Cliente_017,Notebook,Computadores,Centro-Oeste,2.0,3539.52,7079.04,9,Q3,2025,Setembro,Alto Valor
29,2025-11-10,Cliente_042,Headset,Perifericos,Sul,9.0,371.37,3342.33,11,Q4,2025,Novembro,Medio Valor
30,2025-10-11,Cliente_010,Tablet,Celulares,Nordeste,2.0,2010.44,4020.88,10,Q4,2025,Outubro,Medio Valor
31,2025-01-27,Cliente_006,  Teclado ,Perifericos,Nordeste,8.0,231.33,1850.64,1,Q1,2025,Janeiro,Medio Valor
33,2025-03-07,Cliente_003,Teclado,Perifericos,Sul,9.0,223.61,2012.4900000000002,3,Q1,2025,Março,Medio Valor
34,2025-07-01,Cliente_050,Mouse,Perifericos,Sul,4.0,126.01,504.04,7,Q3,2025,Julho,Medio Valor
36,2025-02-25,Cliente_025,Tablet,Celulares,Nordeste,3.0,1955.18,5865.54,2,Q1,2025,Fevereiro,Alto Valor
37,2025-12-04,Cliente_013,Headset,Perifericos,Norte,4.0,320.91,1283.64,12,Q4,2025,Dezembro,Medio Valor
38,2025-01-15,cliente008,Monitor,Computadores,Nordeste,9.0,1139.21,10252.89,1,Q1,2025,Janeiro,Alto Valor
39,2025-09-19,Cliente_008,Mouse,Perifericos,Nordeste,6.0,117.71,706.26,9,Q3,2025,Setembro,Medio Valor
40,2025-06-19,Cliente_040,Monitor,Computadores,Centro-Oeste,2.0,1361.59,2723.18,6,Q2,2025,Junho,Medio Valor
41,2025-10-11,Cliente_009,Tablet,Celulares,Norte,7.0,1906.49,13345.43,10,Q4,2025,Outubro,Alto Valor
42,2025-01-01,Cliente_020,Tablet,Celulares,Centro-Oeste,7.0,1825.89,12781.230000000001,1,Q1,2025,Janeiro,Alto Valor
43,2025-03-28,Cliente_043,Mouse,Perifericos,Sul,4.0,120.4,481.6,3,Q1,2025,Março,Baixo Valor
46,2025-12-23,Cliente_034,Smartphone,Celulares,Centro-Oeste,3.0,2400.71,7202.13,12,Q4,2025,Dezembro,Alto Valor
47,2025-11-01,Cliente_021,Mouse,Perifericos,Norte,9.0,137.56,1238.04,11,Q4,2025,Novembro,Medio Valor
48,2025-09-01,Cliente_029,Monitor,Computadores,Sul,3.0,1287.72,3863.16,9,Q3,2025,Setembro,Medio Valor
49,2025-05-27,Cliente_016,Tablet,Celulares,Sul,8.0,1571.84,12574.72,5,Q2,2025,Maio,Alto Valor
50,2025-07-28,Cliente_022,Mouse,Perifericos,Norte,4.0,104.31,417.24,7,Q3,2025,Julho,Baixo Valor
51,2025-10-22,Cliente_025,Mouse,Perifericos,Centro-Oeste,1.0,132.84,132.84,10,Q4,2025,Outubro,Baixo Valor
52,2025-04-23,Cliente_032,  Teclado ,Perifericos,Centro-Oeste,9.0,272.49,2452.41,4,Q2,2025,Abril,Medio Valor
53,2025-03-07,cliente040,Mouse,Perifericos,Sul,3.0,132.26,396.78,3,Q1,2025,Março,Baixo Valor
54,2025-05-14,Cliente_025,Headset,Perifericos,Centro-Oeste,8.0,316.58,2532.64,5,Q2,2025,Maio,Medio Valor
55,2025-10-04,Cliente_004,Tablet,Celulares,Sudeste,2.0,1783.97,3567.94,10,Q4,2025,Outubro,Medio Valor
56,2025-11-15,Cliente_010,Smartphone,Celulares,Nordeste,4.0,2423.89,9695.56,11,Q4,2025,Novembro,Alto Valor
57,2025-11-07,Cliente_048,Headset,Perifericos,Nordeste,6.0,315.12,1890.72,11,Q4,2025,Novembro,Medio Valor
58,2025-04-12,Cliente_005,Teclado,Perifericos,Norte,7.0,242.25,1695.75,4,Q2,2025,Abril,Medio Valor
59,2025-10-17,Cliente_003,Headset,Perifericos,Centro-Oeste,2.0,381.1,762.2,10,Q4,2025,Outubro,Medio Valor
60,2025-07-05,Cliente_041,Headset,Perifericos,Nordeste,8.0,308.58,2468.64,7,Q3,2025,Julho,Medio Valor
61,2025-08-27,Cliente_028,Teclado,Perifericos,Nordeste,9.0,270.6,2435.4,8,Q3,2025,Agosto,Medio Valor
62,2025-10-19,Cliente_040,Monitor,Computadores,Nordeste,4.0,1290.17,5160.68,10,Q4,2025,Outubro,Alto Valor
63,2025-11-02,Cliente_045,Headset,Perifericos,Centro-Oeste,5.0,333.24,1666.2,11,Q4,2025,Novembro,Medio Valor
64,2025-12-20,Cliente_031,Monitor,Computadores,Sul,9.0,1292.94,11636.460000000001,12,Q4,2025,Dezembro,Alto Valor
65,2025-10-11,Cliente_034,Tablet,Celulares,Nordeste,10.0,1729.27,17292.7,10,Q4,2025,Outubro,Alto Valor
66,2025-04-09,Cliente_021,Tablet,Celulares,Centro-Oeste,4.0,1595.15,6380.6,4,Q2,2025,Abril,Alto Valor
67,2025-09-26,Cliente_039,Tablet,Celulares,Sudeste,10.0,2057.37,20573.699999999997,9,Q3,2025,Setembro,Alto Valor
68,2025-01-24,Cliente_004,Mouse,Perifericos,Sudeste,9.0,106.56,959.04,1,Q1,2025,Janeiro,Medio Valor
69,2025-08-14,Cliente_022,Teclado,Perifericos,Centro-Oeste,5.0,247.7,1238.5,8,Q3,2025,Agosto,Medio Valor
70,2025-12-18,Cliente_004,Monitor,Computadores,Norte,2.0,1227.73,2455.46,12,Q4,2025,Dezembro,Medio Valor
71,2025-11-13,Cliente_015,Headset,Perifericos,Centro-Oeste,7.0,361.16,2528.1200000000003,11,Q4,2025,Novembro,Medio Valor
72,2025-11-09,Cliente_048,Tablet,Celulares,Sul,10.0,1865.35,18653.5,11,Q4,2025,Novembro,Alto Valor
73,2025-07-29,Cliente_029,  Teclado ,Perifericos,Centro-Oeste,2.0,224.24,448.48,7,Q3,2025,Julho,Baixo Valor
74,2025-11-17,Cliente_038,Notebook,Computadores,Nordeste,4.0,3945.11,15780.44,11,Q4,2025,Novembro,Alto Valor
75,2025-03-26,Cliente_020,Headset,Perifericos,Nordeste,3.0,305.0,915.0,3,Q1,2025,Março,Medio Valor
76,2025-09-14,Cliente_035,  Mouse ,Perifericos,Nordeste,7.0,135.94,951.5799999999999,9,Q3,2025,Setembro,Medio Valor
78,2025-05-23,Cliente_012,Monitor,Computadores,Centro-Oeste,9.0,1254.54,11290.86,5,Q2,2025,Maio,Alto Valor
79,2025-03-24,Cliente_022,Tablet,Celulares,Sudeste,6.0,1891.87,11351.22,3,Q1,2025,Março,Alto Valor
80,2025-06-15,Cliente_008,Monitor,Computadores,Norte,2.0,1133.23,2266.46,6,Q2,2025,Junho,Medio Valor
81,2025-09-23,Cliente_024,Monitor,Computadores,Sul,7.0,1039.51,7276.57,9,Q3,2025,Setembro,Alto Valor
83,2025-02-28,Cliente_030,Teclado,Perifericos,Nordeste,7.0,219.49,1536.43,2,Q1,2025,Fevereiro,Medio Valor
84,2025-05-05,Cliente_030,Monitor,Computadores,Sudeste,8.0,1372.89,10983.12,5,Q2,2025,Maio,Alto Valor
85,2025-09-17,Cliente_018,Tablet,Celulares,Centro-Oeste,7.0,1713.53,11994.71,9,Q3,2025,Setembro,Alto Valor
86,2025-09-05,Cliente_023,Headset,Perifericos,Sul,3.0,344.39,1033.17,9,Q3,2025,Setembro,Medio Valor
87,2025-07-30,Cliente_003,Teclado,Perifericos,Sul,7.0,230.02,1610.14,7,Q3,2025,Julho,Medio Valor
88,2025-10-30,Cliente_022,Monitor,Computadores,Sul,1.0,1065.45,1065.45,10,Q4,2025,Outubro,Medio Valor
89,2025-05-16,Cliente_022,Monitor,Computadores,Norte,3.0,1046.94,3140.82,5,Q2,2025,Maio,Medio Valor
91,2025-12-27,Cliente_007,Monitor,Computadores,Nordeste,2.0,1293.73,2587.46,12,Q4,2025,Dezembro,Medio Valor
92,2025-05-06,Cliente_034,Tablet,Celulares,Centro-Oeste,6.0,1762.57,10575.42,5,Q2,2025,Maio,Alto Valor
93,2025-10-26,Cliente_010,Teclado,Perifericos,Centro-Oeste,4.0,249.83,999.32,10,Q4,2025,Outubro,Medio Valor
94,2025-08-15,Cliente_023,Tablet,Celulares,Nordeste,9.0,1615.31,14537.789999999999,8,Q3,2025,Agosto,Alto Valor
95,2025-02-24,cliente016,Smartphone,Celulares,Nordeste,7.0,2433.2,17032.399999999998,2,Q1,2025,Fevereiro,Alto Valor
96,2025-01-26,Cliente_039,Notebook,Computadores,Nordeste,10.0,3883.32,38833.200000000004,1,Q1,2025,Janeiro,Alto Valor
97,2025-12-14,Cliente_049,Smartphone,Celulares,Sudeste,4.0,2279.79,9119.16,12,Q4,2025,Dezembro,Alto Valor
98,2025-07-06,Cliente_047,Tablet,Celulares,Norte,8.0,1548.02,12384.16,7,Q3,2025,Julho,Alto Valor
99,2025-05-20,Cliente_011,Tablet,Celulares,Nordeste,9.0,1800.97,16208.73,5,Q2,2025,Maio,Alto Valor
100,2025-02-08,Cliente_010,Headset,Perifericos,Norte,2.0,346.67,693.34,2,Q1,2025,Fevereiro,Medio Valor
101,2025-01-08,Cliente_017,Tablet,Celulares,Nordeste,2.0,1956.97,3913.94,1,Q1,2025,Janeiro,Medio Valor
102,2025-11-14,Cliente_036,Notebook,Computadores,Nordeste,4.0,3470.05,13880.2,11,Q4,2025,Novembro,Alto Valor
103,2025-01-24,Cliente_003,Mouse,Perifericos,Centro-Oeste,7.0,106.2,743.4,1,Q1,2025,Janeiro,Medio Valor
104,2025-03-21,Cliente_027,Tablet,Celulares,Nordeste,9.0,1756.33,15806.97,3,Q1,2025,Março,Alto Valor
105,2025-05-01,Cliente_024,Smartphone,Celulares,Centro-Oeste,8.0,2163.5,17308.0,5,Q2,2025,Maio,Alto Valor
107,2025-10-11,Cliente_014,Smartphone,Celulares,Norte,10.0,2005.44,20054.4,10,Q4,2025,Outubro,Alto Valor
108,2025-03-16,Cliente_009,Notebook,Computadores,Nordeste,5.0,3876.33,19381.65,3,Q1,2025,Março,Alto Valor
109,2025-01-09,cliente012,Headset,Perifericos,Nordeste,4.0,359.33,1437.32,1,Q1,2025,Janeiro,Medio Valor
110,2025-09-15,Cliente_015,Teclado,Perifericos,Centro-Oeste,10.0,220.68,2206.8,9,Q3,2025,Setembro,Medio Valor
111,2025-09-03,Cliente_026,Mouse,Perifericos,Nordeste,1.0,104.19,104.19,9,Q3,2025,Setembro,Baixo Valor
112,2025-05-21,Cliente_040,Teclado,Perifericos,Centro-Oeste,3.0,217.43,652.29,5,Q2,2025,Maio,Medio Valor
113,2025-12-26,Cliente_008,Teclado,Perifericos,Centro-Oeste,10.0,244.76,2447.6,12,Q4,2025,Dezembro,Medio Valor
114,2025-08-21,Cliente_026,Smartphone,Celulares,Sul,7.0,2093.69,14655.83,8,Q3,2025,Agosto,Alto Valor
115,2025-02-13,Cliente_006,Mouse,Perifericos,Sudeste,8.0,104.42,835.36,2,Q1,2025,Fevereiro,Medio Valor
116,2025-08-05,Cliente_047,Monitor,Computadores,Sul,6.0,1334.5,8007.0,8,Q3,2025,Agosto,Alto Valor
117,2025-02-25,Cliente_023,Mouse,Perifericos,Norte,8.0,110.07,880.56,2,Q1,2025,Fevereiro,Medio Valor
119,2025-03-15,Cliente_037,Tablet,Celulares,Centro-Oeste,6.0,1533.3,9199.8,3,Q1,2025,Março,Alto Valor
120,2025-07-09,Cliente_020,Monitor,Computadores,Norte,8.0,1142.72,9141.76,7,Q3,2025,Julho,Alto Valor
121,2025-12-05,Cliente_028,Notebook,Computadores,Centro-Oeste,2.0,3260.71,6521.42,12,Q4,2025,Dezembro,Alto Valor
122,2025-10-31,Cliente_032,Notebook,Computadores,Nordeste,5.0,3687.13,18435.65,10,Q4,2025,Outubro,Alto Valor
123,2025-05-29,Cliente_021,Smartphone,Celulares,Sul,3.0,2374.35,7123.049999999999,5,Q2,2025,Maio,Alto Valor
124,2025-07-01,Cliente_005,Teclado,Perifericos,Norte,9.0,275.0,2475.0,7,Q3,2025,Julho,Medio Valor
125,2025-11-24,Cliente_027,Monitor,Computadores,Centro-Oeste,10.0,1165.59,11655.9,11,Q4,2025,Novembro,Alto Valor
126,2025-02-24,Cliente_016,Headset,Perifericos,Sul,6.0,306.75,1840.5,2,Q1,2025,Fevereiro,Medio Valor
127,2025-11-21,Cliente_008,Tablet,Celulares,Sul,3.0,1571.24,4713.72,11,Q4,2025,Novembro,Medio Valor
128,2025-04-12,Cliente_012,Smartphone,Celulares,Centro-Oeste,2.0,1966.65,3933.3,4,Q2,2025,Abril,Medio Valor
129,2025-08-18,Cliente_044,Monitor,Computadores,Nordeste,10.0,1293.56,12935.599999999999,8,Q3,2025,Agosto,Alto Valor
130,2025-08-15,Cliente_041,  Smartphone ,Celulares,Centro-Oeste,8.0,1915.07,15320.56,8,Q3,2025,Agosto,Alto Valor
131,2025-05-27,Cliente_005,Notebook,Computadores,Norte,1.0,3362.17,3362.17,5,Q2,2025,Maio,Medio Valor
132,2025-10-20,Cliente_042,Teclado,Perifericos,Nordeste,1.0,246.23,246.23,10,Q4,2025,Outubro,Baixo Valor
133,2025-03-30,Cliente_003,Mouse,Perifericos,Nordeste,2.0,120.16,240.32,3,Q1,2025,Março,Baixo Valor
134,2025-06-23,cliente044,Tablet,Celulares,Nordeste,7.0,1750.74,12255.18,6,Q2,2025,Junho,Alto Valor
135,2025-06-20,Cliente_006,Tablet,Celulares,Centro-Oeste,10.0,2001.57,20015.7,6,Q2,2025,Junho,Alto Valor
136,2025-02-13,Cliente_020,Smartphone,Celulares,Norte,10.0,2337.83,23378.3,2,Q1,2025,Fevereiro,Alto Valor
137,2025-01-10,Cliente_024,Notebook,Computadores,Sul,7.0,3508.91,24562.37,1,Q1,2025,Janeiro,Alto Valor
138,2025-02-21,Cliente_033,Smartphone,Celulares,Norte,2.0,2065.22,4130.44,2,Q1,2025,Fevereiro,Medio Valor
139,2025-03-25,Cliente_012,Smartphone,Celulares,Centro-Oeste,10.0,2118.64,21186.399999999998,3,Q1,2025,Março,Alto Valor
140,2025-11-09,Cliente_019,Tablet,Celulares,Centro-Oeste,4.0,2053.58,8214.32,11,Q4,2025,Novembro,Alto Valor
141,2025-10-20,Cliente_029,Headset,Perifericos,Sul,4.0,336.12,1344.48,10,Q4,2025,Outubro,Medio Valor
142,2025-05-09,Cliente_004,Headset,Perifericos,Sudeste,10.0,312.03,3120.2999999999997,5,Q2,2025,Maio,Medio Valor
143,2025-05-20,Cliente_029,Tablet,Celulares,Centro-Oeste,2.0,1942.08,3884.16,5,Q2,2025,Maio,Medio Valor
144,2025-07-22,Cliente_033,Tablet,Celulares,Sudeste,1.0,1754.04,1754.04,7,Q3,2025,Julho,Medio Valor
145,2025-03-12,Cliente_003,Headset,Perifericos,Centro-Oeste,6.0,380.59,2283.54,3,Q1,2025,Março,Medio Valor
146,2025-01-10,Cliente_017,Teclado,Perifericos,Nordeste,1.0,280.44,280.44,1,Q1,2025,Janeiro,Baixo Valor
147,2025-05-03,Cliente_027,Smartphone,Celulares,Norte,5.0,1950.42,9752.1,5,Q2,2025,Maio,Alto Valor
148,2025-03-15,Cliente_019,Notebook,Computadores,Sudeste,9.0,3578.8,32209.2,3,Q1,2025,Março,Alto Valor
149,2025-09-27,Cliente_035,Teclado,Perifericos,Centro-Oeste,6.0,217.58,1305.48,9,Q3,2025,Setembro,Medio Valor
150,2025-07-02,Cliente_005,Tablet,Celulares,Nordeste,5.0,1933.55,9667.75,7,Q3,2025,Julho,Alto Valor
151,2025-06-23,Cliente_042,Smartphone,Celulares,Sul,1.0,2102.52,2102.52,6,Q2,2025,Junho,Medio Valor
152,2025-04-14,Cliente_003,Notebook,Computadores,Norte,8.0,3013.83,24110.64,4,Q2,2025,Abril,Alto Valor
153,2025-11-28,Cliente_013,  Monitor ,Computadores,Nordeste,5.0,1033.18,5165.900000000001,11,Q4,2025,Novembro,Alto Valor
154,2025-07-17,Cliente_022,Monitor,Computadores,Sudeste,7.0,1287.59,9013.13,7,Q3,2025,Julho,Alto Valor
155,2025-11-05,Cliente_012,Mouse,Perifericos,Norte,7.0,104.84,733.88,11,Q4,2025,Novembro,Medio Valor
156,2025-08-16,Cliente_023,Mouse,Perifericos,Sudeste,7.0,108.0,756.0,8,Q3,2025,Agosto,Medio Valor
157,2025-12-14,CLIENTE011,Notebook,Computadores,Sul,7.0,3356.48,23495.36,12,Q4,2025,Dezembro,Alto Valor
158,2025-10-18,Cliente_003,Headset,Perifericos,Norte,6.0,335.53,2013.1799999999998,10,Q4,2025,Outubro,Medio Valor
159,2025-06-10,Cliente_042,  Smartphone ,Celulares,Norte,9.0,2112.19,19009.71,6,Q2,2025,Junho,Alto Valor
160,2025-12-27,Cliente_029,Notebook,Computadores,Sul,5.0,3788.71,18943.55,12,Q4,2025,Dezembro,Alto Valor
161,2025-08-16,Cliente_006,Headset,Perifericos,Norte,2.0,344.96,689.92,8,Q3,2025,Agosto,Medio Valor
162,2025-03-22,Cliente_046,Teclado,Perifericos,Sul,5.0,279.35,1396.75,3,Q1,2025,Março,Medio Valor
163,2025-09-10,Cliente_002,Headset,Perifericos,Sudeste,3.0,322.36,967.08,9,Q3,2025,Setembro,Medio Valor
164,2025-09-03,Cliente_034,Notebook,Computadores,Sudeste,5.0,3393.07,16965.350000000002,9,Q3,2025,Setembro,Alto Valor
165,2025-06-26,Cliente_009,Monitor,Computadores,Centro-Oeste,8.0,1264.84,10118.72,6,Q2,2025,Junho,Alto Valor
166,2025-09-23,Cliente_010,Teclado,Perifericos,Norte,1.0,274.85,274.85,9,Q3,2025,Setembro,Baixo Valor
167,2025-11-22,Cliente_036,Tablet,Celulares,Norte,2.0,1665.33,3330.66,11,Q4,2025,Novembro,Medio Valor
168,2025-11-16,Cliente_047,Teclado,Perifericos,Sudeste,3.0,225.34,676.02,11,Q4,2025,Novembro,Medio Valor
169,2025-04-18,Cliente_050,  Notebook ,Computadores,Nordeste,10.0,3252.89,32528.899999999998,4,Q2,2025,Abril,Alto Valor
170,2025-12-17,Cliente_026,  Monitor ,Computadores,Sul,4.0,1309.69,5238.76,12,Q4,2025,Dezembro,Alto Valor
171,2025-06-13,Cliente_047,Tablet,Celulares,Sudeste,10.0,1607.58,16075.8,6,Q2,2025,Junho,Alto Valor
172,2025-05-17,Cliente_029,Tablet,Celulares,Sul,4.0,1781.9,7127.6,5,Q2,2025,Maio,Alto Valor
173,2025-10-23,Cliente_047,Headset,Perifericos,Nordeste,3.0,382.92,1148.76,10,Q4,2025,Outubro,Medio Valor
174,2025-07-21,Cliente_033,Monitor,Computadores,Norte,1.0,1052.42,1052.42,7,Q3,2025,Julho,Medio Valor
175,2025-01-05,Cliente_007,Headset,Perifericos,Centro-Oeste,8.0,327.5,2620.0,1,Q1,2025,Janeiro,Medio Valor
176,2025-07-05,Cliente_036,Notebook,Computadores,Norte,10.0,3564.91,35649.1,7,Q3,2025,Julho,Alto Valor
177,2025-02-19,Cliente_026,Mouse,Perifericos,Norte,10.0,106.28,1062.8,2,Q1,2025,Fevereiro,Medio Valor
178,2025-01-24,Cliente_003,Teclado,Perifericos,Norte,7.0,250.01,1750.07,1,Q1,2025,Janeiro,Medio Valor
179,2025-06-13,Cliente_011,Smartphone,Celulares,Norte,6.0,2484.7,14908.199999999999,6,Q2,2025,Junho,Alto Valor
180,2025-06-03,Cliente_031,Teclado,Perifericos,Sudeste,8.0,265.66,2125.28,6,Q2,2025,Junho,Medio Valor
181,2025-12-02,Cliente_050,  Teclado ,Perifericos,Norte,8.0,232.41,1859.28,12,Q4,2025,Dezembro,Medio Valor
183,2025-11-10,Cliente_031,Monitor,Computadores,Nordeste,4.0,1167.74,4670.96,11,Q4,2025,Novembro,Medio Valor
184,2025-06-10,Cliente_012,Mouse,Perifericos,Nordeste,8.0,120.92,967.36,6,Q2,2025,Junho,Medio Valor
185,2025-05-07,Cliente_018,Teclado,Perifericos,Sul,8.0,226.92,1815.36,5,Q2,2025,Maio,Medio Valor
186,2025-06-28,Cliente_036,Mouse,Perifericos,Centro-Oeste,8.0,113.41,907.28,6,Q2,2025,Junho,Medio Valor
188,2025-05-19,Cliente_036,Smartphone,Celulares,Norte,4.0,2416.45,9665.8,5,Q2,2025,Maio,Alto Valor
190,2025-04-13,Cliente_049,Monitor,Computadores,Norte,8.0,1191.88,9535.04,4,Q2,2025,Abril,Alto Valor
191,2025-03-31,Cliente_027,Mouse,Perifericos,Centro-Oeste,1.0,134.88,134.88,3,Q1,2025,Março,Baixo Valor
192,2025-01-05,Cliente_020,Smartphone,Celulares,Norte,5.0,2448.65,12243.25,1,Q1,2025,Janeiro,Alto Valor
193,2025-03-10,Cliente_033,Teclado,Perifericos,Nordeste,8.0,279.19,2233.52,3,Q1,2025,Março,Medio Valor
194,2025-06-22,Cliente_019,Mouse,Perifericos,Centro-Oeste,3.0,102.51,307.53000000000003,6,Q2,2025,Junho,Baixo Valor
195,2025-12-09,Cliente_007,Teclado,Perifericos,Sul,6.0,219.01,1314.06,12,Q4,2025,Dezembro,Medio Valor
197,2025-09-15,Cliente_046,Tablet,Celulares,Sul,3.0,1748.92,5246.76,9,Q3,2025,Setembro,Alto Valor
198,2025-08-21,Cliente_048,Smartphone,Celulares,Sul,3.0,2185.6,6556.799999999999,8,Q3,2025,Agosto,Alto Valor
199,2025-11-02,Cliente_006,Headset,Perifericos,Norte,4.0,368.94,1475.76,11,Q4,2025,Novembro,Medio Valor
200,2025-03-18,Cliente_011,Teclado,Perifericos,Sudeste,4.0,255.45,1021.8,3,Q1,2025,Março,Medio Valor
